,precision,recall,f1-score,support
0,0.4158004158004158,0.8227848101265823,0.5524274938914268,6320.0
1,0.3959622272875285,0.26974267968056787,0.320886660509302,4508.0
2,0.4186046511627907,0.007445708376421924,0.014631172525909368,4835.0
accuracy,0.4119261954925621,0.4119261954925621,0.4119261954925621,0.4119261954925621
macro avg,0.4101224314169117,0.36665773272785734,0.29598177564221273,15663.0
weighted avg,0.4109563836329503,0.4119261954925621,0.31977530141942945,15663.0
