,precision,recall,f1-score,support
0,0.4071964434565157,0.9275316455696202,0.5659393705348522,6320.0
1,0.4183835182250396,0.11712511091393078,0.1830155979202773,4508.0
2,0.4,0.0004136504653567735,0.0008264462809917354,4835.0
accuracy,0.4080955117155079,0.4080955117155079,0.4080955117155079,0.4080955117155079
macro avg,0.40852665389385184,0.34835680231630256,0.24992713824537374,15663.0
weighted avg,0.4081947534191188,0.4080955117155079,0.2812850031905428,15663.0
