,precision,recall,f1-score,support
0,0.4354928531650269,0.7424050632911392,0.5489645489645489,6320.0
1,0.39344941956882257,0.4210292812777285,0.40677239605657955,4508.0
2,0.2923076923076923,0.003929679420889349,0.007755102040816327,4835.0
accuracy,0.4219498180425206,0.4219498180425206,0.4219498180425206,0.4219498180425206
macro avg,0.3737499883471806,0.38912134132991905,0.32116401568731495,15663.0
weighted avg,0.37919252427548455,0.4219498180425206,0.3409743873617032,15663.0
