,precision,recall,f1-score,support
0,0.43426982452775914,0.716613924050633,0.5408084064720282,6320.0
1,0.35918991211310664,0.417036379769299,0.38595770888934516,4508.0
2,0.0,0.0,0.0,4835.0
accuracy,0.40918087211900656,0.40918087211900656,0.40918087211900656,0.40918087211900656
macro avg,0.2644865788802886,0.377883434606644,0.3089220384537911,15663.0
weighted avg,0.2786064875707924,0.40918087211900656,0.32929876017215004,15663.0
