,precision,recall,f1-score,support
0,0.4038714774822228,0.9705696202531645,0.5703924121257206,6320.0
1,0.4694736842105263,0.049467613132209404,0.08950431466987759,4508.0
2,0.0,0.0,0.0,4835.0
accuracy,0.40586094617889296,0.40586094617889296,0.40586094617889296,0.40586094617889296
macro avg,0.291115053897583,0.340012411128458,0.21996557559853272,15663.0
weighted avg,0.2980817918731214,0.40586094617889296,0.25591301124729376,15663.0
