,precision,recall,f1-score,support
0,0.4140713370032426,0.8688291139240506,0.5608498033808283,6320.0
1,0.47530864197530864,0.017080745341614908,0.032976445396145616,4508.0
2,0.3875,0.1795243019648397,0.2453710247349823,4835.0
accuracy,0.41090467981868095,0.41090467981868095,0.41090467981868095,0.41090467981868095
macro avg,0.42562665965951707,0.35514472041016837,0.27973242450398544,15663.0
weighted avg,0.4234938841783301,0.41090467981868095,0.31153658161312003,15663.0
