,precision,recall,f1-score,support
0,0.4341929321872015,0.7193037974683544,0.541512805241215,6320.0
1,0.36125553629886387,0.4161490683229814,0.38676425110813323,4508.0
2,0.0,0.0,0.0,4835.0
accuracy,0.410010853604035,0.410010853604035,0.410010853604035,0.410010853604035
macro avg,0.26514948949535516,0.378484288597112,0.3094256854497828,15663.0
weighted avg,0.27916997312509684,0.410010853604035,0.3298151167158235,15663.0
