,precision,recall,f1-score,support
0,0.5480699575701128,0.8379746835443038,0.6627041231308265,6320.0
1,0.625431377754181,0.5226264418811003,0.5694259818731119,4508.0
2,0.7245857590685177,0.33464322647362976,0.4578381437464629,4835.0
accuracy,0.5918406435548745,0.5918406435548745,0.5918406435548745,0.5918406435548745
macro avg,0.6326956981309372,0.5650814506330114,0.5633227495834671,15663.0
weighted avg,0.6248240393191116,0.5918406435548745,0.5726176217509392,15663.0
