,precision,recall,f1-score,support
0,0.417540672227269,0.8,0.5487004178197407,6320.0
1,0.35087225661226784,0.2766193433895297,0.3093525179856114,4508.0
2,0.0,0.0,0.0,4835.0
accuracy,0.40241333077954416,0.40241333077954416,0.40241333077954416,0.40241333077954416
macro avg,0.25613764294651226,0.35887311446317655,0.2860176452684507,15663.0
weighted avg,0.2694623751059467,0.40241333077954416,0.31043528006766885,15663.0
