,precision,recall,f1-score,support
0,0.6370127938113657,0.6775316455696202,0.6566477534120533,6320.0
1,0.5872625698324022,0.582963620230701,0.585105198708672,4508.0
2,0.5987460815047022,0.5530506721820062,0.57499193635093,4835.0
accuracy,0.6118878886547916,0.6118878886547916,0.6118878886547916,0.6118878886547916
macro avg,0.6076738150494901,0.6045153126607757,0.6055816294905517,15663.0
weighted avg,0.6108815569027348,0.6118878886547916,0.6108506703440986,15663.0
