,precision,recall,f1-score,support
0,0.41960716148096644,0.7639240506329114,0.5416806911253226,6320.0
1,0.3792535675082327,0.30656610470275064,0.3390578999018646,4508.0
2,0.4171539961013645,0.04426059979317477,0.0800299177262528,4835.0
accuracy,0.41013854306327013,0.41013854306327013,0.41013854306327013,0.41013854306327013
macro avg,0.4053382416968545,0.37158358504294564,0.32025616958448,15663.0
weighted avg,0.40723564540872875,0.41013854306327013,0.34085677283254023,15663.0
