,precision,recall,f1-score,support
0,0.6229178632969558,0.6863924050632911,0.6531165311653117,6320.0
1,0.5844275512554711,0.5627772848269743,0.5733981240818171,4508.0
2,0.5894905920146857,0.5313340227507756,0.5589035135429131,4835.0
accuracy,0.6029496265083317,0.6029496265083317,0.6029496265083317,0.6029496265083317
macro avg,0.5989453355223708,0.5935012375470138,0.5951393895966807,15663.0
weighted avg,0.601521248131739,0.6029496265083317,0.6010900662903393,15663.0
